Name,Technology,System,People,Process,Influence
Avidan Maria,3.82887152340639,3.5089552736561136,2.3385421829931516,4.500284253320997,3.535032014406025
Ranjit Jerrard,4.5,3,2.033392900163272,4,3
Ylva Tullius,3.75703319815728,3.7029379318504447,1.9091122171193184,3.931868715853266,1.9464218589806297
Ailen Isac,3.7478758629539706,1.9482679870795403,2,4.5,3.2
Shannah Evanthia,1.9632990996268493,2.7657036834347597,2.247391196832281,1.5,1.0422981611801572