Name,FE & UX Architecture,BE & System Design,Data & Performance Engineering,Distirbuted Systems,System and Infrastructure
Eric Wilson,1.9988456658541356,2.2081569039745634,1.7479569828686914,1.0214718935130795,1.4937238094174334
Tom Roper,3.315904613469164,0.9166748878803921,0.9025799072433522,0.9483320350392265,0.9386069221123378
Kenkwo Dinobi,1.4327737410791994,3.077511023549799,2.424944938392869,2.391222440466957,1.6869616845294766
Mark Sorbello,1.556990247663912,3.5445710962428914,2.254546883999945,2.953165213318392,1.9997091505706739
Andy Leung,1.390334274629457,2.7375681535277656,2.3778454926416233,2.6984241580737605,1.9527991090962726
Zhen(Jen) Wang,2.707106270630541,1.2938640124485334,1.0716395567791734,1.0297126011867348,0.9945030616613821