Name,Technology,System,People,Process,Influence
Avidan Maria,1.9425810789892506,1.7164076831326627,2.3385421829931516,4.500284253320997,3.535032014406025
Ranjit Jerrard,4.479829571989163,2.244280424304129,2.033392900163272,3.0164121398793537,1.854104707137181
Ylva Tullius,3.75703319815728,4.1352421996251465,3.032417726490012,1.3380126889521773,1.9464218589806297
Ailen Isac,2.4094414448875634,1.9482679870795403,2,4.497400243613333,4.054338890892543
Shannah Evanthia,1.9632990996268493,2.7657036834347597,2.247391196832281,3.9742690353501398,4.060525615813691